<?xml version="1.0" encoding="UTF-8"?>
<UFXMsg _direction="aaa">
	<msgDataReq>
		<information>
			<RegNumber>12312300345</RegNumber>
			<Institution />
			<OrderDprt />
			<ObjectType>Client</ObjectType>
			<ActionType>Inquiry</ActionType>
			<regNumber>12312300345</regNumber>
			<objectType>Client</objectType>
			<actionType>Inquiry</actionType>
			<institution />
			<orderDprt />
			<resultDtls />
			<objectFor />
			<ResultDtls />
			<ObjectFor />
		</information>
		<Information>
			<RegNumber>12312300345</RegNumber>
			<Institution />
			<OrderDprt />
			<ObjectType>Client</ObjectType>
			<ActionType>Inquiry</ActionType>
			<regNumber>12312300345</regNumber>
			<objectType>Client</objectType>
			<actionType>Inquiry</actionType>
			<institution />
			<orderDprt />
			<resultDtls />
			<objectFor />
			<ResultDtls />
			<ObjectFor />
		</Information>
	</msgDataReq>
	<source />
	<MsgId>sssssss</MsgId>
	<Source />
	<MsgData>
		<information>
			<RegNumber>12312300345</RegNumber>
			<Institution />
			<OrderDprt />
			<ObjectType>Client</ObjectType>
			<ActionType>Inquiry</ActionType>
			<regNumber>12312300345</regNumber>
			<objectType>Client</objectType>
			<actionType>Inquiry</actionType>
			<institution />
			<orderDprt />
			<resultDtls />
			<objectFor />
			<ResultDtls />
			<ObjectFor />
		</information>
		<Information>
			<RegNumber>12312300345</RegNumber>
			<Institution />
			<OrderDprt />
			<ObjectType>Client</ObjectType>
			<ActionType>Inquiry</ActionType>
			<regNumber>12312300345</regNumber>
			<objectType>Client</objectType>
			<actionType>Inquiry</actionType>
			<institution />
			<orderDprt />
			<resultDtls />
			<objectFor />
			<ResultDtls />
			<ObjectFor />
		</Information>
	</MsgData>
</UFXMsg>